elasticsearch-poll-documents-success;counter
elasticsearch-poll-failure;counter
elasticsearch-poll-failure-bytes;counter
elasticsearch-poll-success;counter
elasticsearch-poll-success-bytes;counter
elasticsearch-poll-time-to-response;timer
elasticsearch-save-failures;counter
elasticsearch-save-failure-bytes;counter
elasticsearch-save-received-documents;counter
elasticsearch-save-success-bytes;counter
elasticsearch-save-successes;counter
elasticsearch-save-time-to-response;timer
elasticsearch-query-documents;counter
elasticsearch-query-failure;counter
elasticsearch-query-failure-bytes;counter
elasticsearch-query-success;counter
elasticsearch-query-success-bytes;counter
elasticsearch-query-time-to-response;timer